source_text,target_text
上野にお越しの際は、ぜひ当店をご利用ください。,Please visit our store when you come to Ueno.
上野周辺には歴史あるスポットがたくさんあります。,There are many historic spots around Ueno.
上野駅からアクセスが便利です。,It is easily accessible from Ueno Station.
上野で美味しいご飯をご希望でしたら、おすすめのお店をご案内いたします。,"If you are looking for delicious meals in Ueno, we can recommend some great restaurants for you."
上野に観光にいらっしゃるお客様が多くいらっしゃいます。,Many visitors come to Ueno for sightseeing.
上野の桜は毎年多くの観光客を惹きつけます。,The cherry blossoms in Ueno attract many tourists every year.
上野で何かご質問がありましたら、いつでもお気軽にお尋ねください。,"If you have any questions about Ueno, please feel free to ask at any time."
上野の博物館は見ごたえがあります。,The museums in Ueno are well worth visiting.
上野でのお買い物をより快適にするために、ご案内いたします。,"To make your shopping experience in Ueno more comfortable, we are happy to provide guidance."
